{
  "fixed": [
    67.39999999999999,
    68.10999999999999,
    69.155,
    54.725,
    62.64999999999999,
    64.55499999999999,
    74.11499999999998,
    72.94999999999999,
    71.145,
    -70.595,
    -71.515,
    -72.385,
    -70.855,
    -69.14,
    -75.815,
    69.06500000000001,
    73.945,
    71.345,
    -70.5,
    -70.475,
    -70.865,
    33.10000000000001,
    24.115,
    21.93,
    74.93999999999998,
    71.875,
    70.99499999999999,
    -70.595,
    -73.13499999999999,
    -75.165
  ],
  "naive": [
    54.93000000000001,
    55.54,
    57.46500000000001,
    40.125,
    40.915,
    49.1,
    71.96,
    73.845,
    70.535,
    -70.78,
    -70.145,
    -74.44500000000001,
    -74.22999999999999,
    -74.83500000000001,
    -76.24,
    49.115,
    68.61,
    62.39,
    -71.175,
    -71.47999999999999,
    -67.1,
    16.75,
    30.159999999999997,
    12.829999999999998,
    68.25,
    60.904999999999994,
    66.385,
    -73.85,
    -76.405,
    -75.285
  ],
  "reasoning": [
    61.125,
    57.27500000000001,
    69.35,
    35.455,
    51.23,
    41.434999999999995,
    73.19,
    74.745,
    73.91499999999999,
    -71.115,
    -74.64,
    -72.98,
    -75.85,
    -74.11999999999999,
    -75.15,
    64.89500000000001,
    71.785,
    59.839999999999996,
    -69.355,
    -70.88,
    -70.08,
    18.005,
    27.93,
    21.424999999999997,
    72.605,
    70.51,
    71.83,
    -73.635,
    -74.22999999999999,
    -74.165
  ]
}