{
  "fixed": [
    -39.809999999999995,
    -39.279999999999994,
    -39.37,
    -42.669999999999995,
    -43.98,
    -43.97,
    -34.230000000000004,
    -37.87,
    -36.86,
    -39.160000000000004,
    -40.190000000000005,
    -39.63,
    -49.46,
    -46.65,
    -45.559999999999995,
    -43.99,
    -46.03,
    -45.82000000000001,
    -38.459999999999994,
    -36.08,
    -38.739999999999995,
    -35.339999999999996,
    -34.31,
    -33.37,
    -32.379999999999995,
    -30.21,
    -30.679999999999996,
    -45.93999999999999,
    -45.86,
    -44.290000000000006
  ],
  "naive": [
    -42.03999999999999,
    -39.470000000000006,
    -38.599999999999994,
    -45.379999999999995,
    -44.589999999999996,
    -45.56999999999999,
    -35.57000000000001,
    -36.09,
    -36.959999999999994,
    -40.45,
    -39.75,
    -38.190000000000005,
    -49.87,
    -46.47,
    -48.95,
    -43.589999999999996,
    -46.370000000000005,
    -48.949999999999996,
    -35.25,
    -35.39,
    -35.010000000000005,
    -33.519999999999996,
    -35.13,
    -32.55,
    -31.74,
    -32.03,
    -30.389999999999997,
    -43.79,
    -44.980000000000004,
    -44.33
  ],
  "reasoning": [
    -40.239999999999995,
    -38.42,
    -38.160000000000004,
    -46.34,
    -45.51,
    -42.99,
    -37.3,
    -35.45,
    -34.78,
    -39.54,
    -40.08,
    -38.230000000000004,
    -47.32000000000001,
    -44.92,
    -47.95,
    -44.97,
    -47.41,
    -44.42,
    -37.68,
    -34.54,
    -38.78,
    -30.65,
    -33.339999999999996,
    -32.96999999999999,
    -27.839999999999996,
    -32.33,
    -31.4,
    -44.29,
    -45.08,
    -43.11
  ]
}